Year,"Sr No",Date,Title,Subject,Judgemental_Status,"Link URL","Judgemental Summary"
2017,1,24-08-2017,"JUSTICE K.S.PUTTASWAMY(RETD) vs UNION OF INDIAW.P.(C) No. 494/2012","Recognition of the right to privacy as part of the right to life and personal liberty under Article 21 and other rights guaranteed by Part III of the Constitution","View Judgment",https://www.sci.gov.in/view-pdf/?diary_no=350712012&type=j&order_date=2017-08-24&from=latest_judgements_order,[]
2017,2,09-05-2017,"IN RE vs HONBLE MR JUSTICE C.S. KARNANSMC(C) No. 1/2017","Contempt proceedings against Justice C.S. Karnan.","View Judgment",https://www.sci.gov.in/view-pdf/?diary_no=44082017&type=j&order_date=2017-05-09&from=latest_judgements_order,[]
2018,1,27-09-2018,"JOSEPH SHINE vs UNION OF INDIAW.P.(Crl.) No. 194/2017","Section 497 IPC (Adultery) struck down as unconstitutional","View Judgment",https://www.sci.gov.in/view-pdf/?diary_no=325502017&type=j&order_date=2018-09-27&from=latest_judgements_order,[]
2018,2,26-09-2018,"JARNAIL SINGH  vs LACHHMI NARAIN GUPTA .C.A. No. 629/2022","Constitutionality of requiring quantifiable data to determine backwardness of Scheduled Castes (SCs) and Scheduled Tribes (STs) and applicability of 'creamy layer' doctrine to SCs and STs.","View Judgment",https://www.sci.gov.in/view-pdf/?diary_no=346142011&type=j&order_date=2018-09-26&from=latest_judgements_order,[]
2018,3,26-09-2018,"SWAPNIL TRIPATHI vs SUPREME COURT OF INDIAW.P.(C) No. 1232/2017","Plea seeking live streaming of court proceedings and the Supreme Court's guidelines.","View Judgment",https://www.sci.gov.in/view-pdf/?diary_no=404262017&type=j&order_date=2018-09-26&from=latest_judgements_order,[]
2018,4,25-09-2018,"PUBLIC INTEREST FOUNDATION  vs UNION OF INDIA W.P.(C) No. 536/2011","Can there be any additional grounds for disqualification from the membership of Parliament/State Legislature other than Article 102 and Representation of Peoples Act 1951","View Judgment",https://www.sci.gov.in/view-pdf/?diary_no=366742011&type=j&order_date=2018-09-25&from=latest_judgements_order,[]
2018,5,17-07-2018,"TEHSEEN S. POONAWALLA vs UNION OF INDIAW.P.(C) No. 754/2016","Plea against lynching and mob violence by vigilante groups and the Supreme Court's guidelines to curb such unlawful activities.","View Judgment",https://www.sci.gov.in/view-pdf/?diary_no=272632016&type=j&order_date=2018-07-17&from=latest_judgements_order,[]
2018,6,04-07-2018,"GOVT. OF NCT OF DELHI vs UNION OF INDIAC.A. No. 2357/2017","Determination of the constitutional status of NCT Delhi","View Judgment",https://www.sci.gov.in/view-pdf/?diary_no=293572016&type=j&order_date=2018-07-04&from=latest_judgements_order,[]
2018,7,13-03-2018,"BAR COUNCIL OF INDIA vs A.K. BALAJI .C.A. No. 7875-7879/2015","The Supreme Court clarified the scope of legal practice under the Advocates Act, 1961, addressing the roles of foreign lawyers and firms in India, including their ability to provide legal services, ad","View Judgment",https://www.sci.gov.in/view-pdf/?diary_no=138902012&type=j&order_date=2018-03-13&from=latest_judgements_order,[]
2019,1,10-12-2019,"RAJENDRA DIWAN vs PRADEEP KUMAR RANIBALA C.A. No. 3613/2016","Constitutional challenge to the power of a state legislature to create a statutory appeal to the Supreme Court.","View Judgment",https://www.sci.gov.in/view-pdf/?diary_no=36982016&type=j&order_date=2019-12-10&from=latest_judgements_order,[]
2019,2,13-11-2019,"ROJER MATHEW vs SOUTH INDIAN BANK LTD AND ORS CHIEF MANAGERC.A. No. 8588/2019","Constitutional challenge to the Finance Act, 2017 impacting the operation of various statutory tribunals.","View Judgment",https://www.sci.gov.in/view-pdf/?diary_no=96802017&type=j&order_date=2019-11-13&from=latest_judgements_order,[]
2019,3,02-08-2019,"RITESH SINHA vs STATE OF UTTAR PRADESHCrl.A. No. 2003/2012","Constitutionality of requiring an accused person to provide a voice sample.","View Judgment",https://www.sci.gov.in/view-pdf/?diary_no=273522010&type=j&order_date=2019-08-02&from=latest_judgements_order,[]
2020,1,02-03-2020,"IN RE ARTICLE 370 OF THE CONSTITUTION vs W.P.(C) No. 1099/2019","Whether the constitutional challenge to the abrogration of Article 370 should be heard by a bench of five judges or by a bench of seven judges.","View Judgment",https://www.sci.gov.in/view-pdf/?diary_no=297962019&type=j&order_date=2020-03-02&from=latest_judgements_order,[]
2021,1,28-07-2021,"THE STATE OF KERALA vs K.AJITHCrl.A. No. 697/2021","the Supreme Court held that legislators' privileges under Article 194 do not extend to acts of public property destruction, and refused the withdrawal of criminal proceedings under Section 321 of the","View Judgment",https://www.sci.gov.in/view-pdf/?diary_no=115102021&type=j&order_date=2021-07-28&from=latest_judgements_order,[]
2021,2,28-06-2021,"THE STATE OF KERALA vs LEESAMMA JOSEPHC.A. No. 59/2021","Right of persons with disabilities to reservations in promotion.","View Judgment",https://www.sci.gov.in/view-pdf/?diary_no=254222020&type=j&order_date=2021-06-28&from=latest_judgements_order,[]
2022,1,15-12-2022,"NEERAJ DUTTA vs STATE(GOVT.OF N.C.T.OF DELHI)Crl.A. No. 1669/2009","Whether a public servant can be convicted under the Prevention of Corruption Act, 1988 without direct evidence.","View Judgment",https://www.sci.gov.in/view-pdf/?diary_no=113112009&type=j&order_date=2022-12-15&from=latest_judgements_order,[]
2022,2,05-12-2022,"SUKHPAL SINGH KHAIRA vs THE STATE OF PUNJABCrl.A. No. 885/2019","Power of a court to summon a new accused after trial has ended.","Video Recording",https://www.youtube.com/watch?v=kjBkA3uwwyo,[]
2022,3,07-11-2022,"JANHIT ABHIYAN vs UNION OF INDIAW.P.(C) No. 55/2019","Constitutional challenge to the 103rd Constitutional Amendment granting reservations to Economically Weaker Sections (EWS) of society.","Video Recording",https://www.youtube.com/embed/dYorAvbSfzs,[]
2022,4,19-09-2022,"M/S TRIMURTHI FRAGRANCES (P) LTD. THROUGH ITS DIRECTOR SHRI PRADEEP KUMAR AGRAWAL vs GOVT.OF N.C.T OF DELHI THROUGH ITS PRINCIPAL SECRETARY (FINANCE)C.A. No. 8486/2011","Whether the number of judges in the majority or the size of the bench determines the precedential value of a judgment.","View Judgment",https://www.sci.gov.in/view-pdf/?diary_no=182642006&type=j&order_date=2022-09-19&from=latest_judgements_order,[]
2022,5,16-08-2022,"DEEPIKA SINGH vs CENTRAL ADMINISTRATIVE TRIBUNALC.A. No. 5308/2022","Right to avail of child-care for non-biological children.","View Judgment",https://www.sci.gov.in/view-pdf/?diary_no=124502021&type=j&order_date=2022-08-16&from=latest_judgements_order,[]
2022,6,27-07-2022,"VIJAY MADANLAL CHOUDHARY vs UNION OF INDIASLP(Crl) No. 4634/2014","Constitutional challenge to provisions of the Prevention of Money Laundering Act, 2002.","View Judgment",https://www.sci.gov.in/view-pdf/?diary_no=190622014&type=j&order_date=2022-07-27&from=latest_judgements_order,[]
2022,7,21-07-2022,"X vs THE PRINCIPAL SECRETARY HEALTH AND FAMILY WELFARE DEPARTMENT GOVT. OF NCT OF DELHIC.A. No. 5802/2022","Right of an unmarried woman to secure abortion after twenty weeks.","View Judgment",https://www.sci.gov.in/view-pdf/?diary_no=218152022&type=j&order_date=2022-07-21&from=latest_judgements_order,[]
2023,1,13-12-2023,"IN RE INTERPLAY BETWEEN ARBITRATION AGREEMENTS UNDER THE ARBITRATION AND CONCILIATION ACT 1996 AND THE INDIAN STAMP ACT 1899. vs CURATIVE PET(C) No. 44/2023 in R.P.(C) No. 704/2021 in C.A. No. 1599/2020","Enforceability of non-stamped arbitration agreements.","Argument Transcripts",https://cdnbbsr.s3waas.gov.in/s3ec0490f1f4972d133619a60c30f3559e/uploads/2024/01/2024012520.pdf,[]
2023,2,11-12-2023,"IN RE ARTICLE 370 OF THE CONSTITUTION vs W.P.(C) No. 1099/2019","Challenge to the abrogation of Article 370 of the Constitution.","Argument Transcripts",https://cdnbbsr.s3waas.gov.in/s3ec0490f1f4972d133619a60c30f3559e/uploads/2024/01/2024012592-2.pdf,[]
2023,3,06-12-2023,"COX AND KINGS LTD. vs SAP INDIA PVT. LTD.ARBIT. PETITION No. 38/2020","When parties who have not signed an arbitration agreement can nonetheless be made party to an arbitration.","Video Recording",https://www.youtube.com/watch?v=SO8-g-_3iig,[]
2023,4,10-11-2023,"THE STATE OF PUNJAB vs PRINCIPAL SECRETARY TO THE GOVERNOR OF PUNJABW.P.(C) No. 1224/2023","Whether a Governor can withhold action on a Bill and power of the Speaker to reconvene the session of the legislative assembly.","View Judgment",https://www.sci.gov.in/view-pdf/?diary_no=448962023&type=j&order_date=2023-11-10&from=latest_judgements_order,[]
2023,5,30-10-2023,"MANISH SISODIA vs CENTRAL BUREAU OF INVESTIGATIONCrl.A. No. 3352/2023","Bail application filed by Deputy Chief Minister of Delhi.","View Judgment",https://www.sci.gov.in/view-pdf/?diary_no=266682023&type=j&order_date=2023-10-30&from=latest_judgements_order,[]
2023,6,20-10-2023,"DR. BALRAM SINGH vs UNION OF INDIAW.P.(C) No. 324/2020","Directions to secure the elimination of manual scavenging.","View Judgment",https://www.sci.gov.in/view-pdf/?diary_no=40722020&type=j&order_date=2023-10-20&from=latest_judgements_order,[]
2023,7,17-10-2023,"SUPRIYO @ SUPRIYA CHAKRABORTY vs UNION OF INDIAW.P.(C) No. 1011/2022","Whether members of the LGBTQIA+ community have a right to marriage.","Argument Transcripts",https://cdnbbsr.s3waas.gov.in/s3ec0490f1f4972d133619a60c30f3559e/uploads/2024/01/2024012586.pdf,[]
2023,8,03-10-2023,"PANKAJ BANSAL vs UNION OF INDIACrl.A. No. 3051-3052/2023","Requirements of a legal arrest under Section 19 of the Prevention of Money Laundering Act, 2002.","View Judgment",https://www.sci.gov.in/view-pdf/?diary_no=302752023&type=j&order_date=2023-10-03&from=latest_judgements_order,[]
2023,9,11-09-2023,"C.B.I. vs DR. R.R. KISHORECrl.A. No. 377/2007","Whether the Supreme Court's invalidation of Section 6A of the Delhi Special Police Establishment Act, 1946 would have retrospective effect.","View Judgment",https://www.sci.gov.in/view-pdf/?diary_no=4152007&type=j&order_date=2023-09-11&from=latest_judgements_order,[]
2023,10,04-09-2023,"AMEENA BEGUM vs THE STATE OF TELANGANACrl.A. No. 2706/2023","Guidelines to review preventive detention orders.","View Judgment",https://www.sci.gov.in/view-pdf/?diary_no=274422023&type=j&order_date=2023-09-04&from=latest_judgements_order,[]
2023,11,01-09-2023,"REVANASIDDAPPA vs MALLIKARJUNC.A. No. 2844/2011","Right of child born out of void or voidable marriage to inherit coparcenary (joint family) property.","View Judgment",https://www.sci.gov.in/view-pdf/?diary_no=75532009&type=j&order_date=2023-09-01&from=latest_judgements_order,[]
2023,12,07-08-2023,"V. SENTHIL BALAJI vs THE STATE REPRESENTED BY DEPUTY DIRECTORCrl.A. No. 2284-2285/2023","Habeas corpus petition filed by Cabinet Minister of Tamil Nadu.","View Judgment",https://www.sci.gov.in/view-pdf/?diary_no=281762023&type=j&order_date=2023-08-07&from=latest_judgements_order,[]
2023,13,11-07-2023,"DR. JAYA THAKUR vs UNION OF INDIAW.P.(C) No. 456/2022","Challenge to the extension of tenures granted to the Directors of the Enforcement Directorate and the Central Bureau of Investigation.","View Judgment",https://www.sci.gov.in/view-pdf/?diary_no=185922022&type=j&order_date=2023-07-11&from=latest_judgements_order,[]
2023,14,18-05-2023,"THE ANIMAL WELFARE BOARD OF INDIA  vs UNION OF INDIAW.P.(C) No. 23/2016","Challenge to Tamil Nadu's amendments to the Prevention of Cruelty to Animals Act and its permitting of 'Jallikattu'.","Video Recording",https://www.youtube.com/watch?v=nUUtBhxB9NQ&t=8194s,[]
2023,15,11-05-2023,"GOVT. OF NCT OF DELHI vs UNION OF INDIAC.A. No. 2357/2017","Whether the Government of Delhi or the Lt. Governor of Delhi has control over the civil services of Delhi.","Video Recording",https://www.youtube.com/embed/3e-W_zOeSJQ?rel=0,[]
2023,16,11-05-2023,"SUBHASH DESAI vs PRINCIPAL SECRETARY, GOVERNOR OF MAHARASHTRAW.P.(C) No. 493/2022","Various constitutional questions emanating from the split of the Shiv Sena in 2022 and the disqualification petitions pending against Members of the Maharashtra Legislative Assembly.","View Judgment",https://www.sci.gov.in/view-pdf/?diary_no=202342022&type=j&order_date=2023-05-11&from=latest_judgements_order,[]
2023,17,10-05-2023,"ADIVASIS FOR SOCIAL AND HUMAN RIGHTS ACTION vs UNION OF INDIAC.A. No. 2202/2012","Applicability of laws and rights of non-tribals within Scheduled Areas.","View Judgment",https://www.sci.gov.in/view-pdf/?diary_no=283692010&type=j&order_date=2023-05-10&from=latest_judgements_order,[]
2023,18,01-05-2023,"SHILPA SAILESH vs VARUN SREENIVASANT.P.(C) No. 1118/2014","Power of the Supreme Court to grant a divorce based on the consent of the parties under Article 142 of the Constitution.","Video Recording",https://www.youtube.com/watch?v=ZV6t69_GUGk&t=18541s,[]
2023,19,05-04-2023,"MADHYAMAM BROADCASTING LIMITED vs UNION OF INDIAC.A. No. 8129/2022","Constitutional challenge to the Union Ministry of Information and Broadcasting's restrictions on the operation of the Media One television channel.","View Judgment",https://www.sci.gov.in/view-pdf/?diary_no=68252022&type=j&order_date=2023-04-05&from=latest_judgements_order,[]
2023,20,21-03-2023,"SUNDAR @ SUNDARRAJAN vs STATE BY INSPECTOR OF POLICER.P.(Crl.) No. 159-160/2013 In Crl.A. No. 300-301/2011","Significance of mitigating factors when awarding the death penalty.","View Judgment",https://www.sci.gov.in/view-pdf/?diary_no=59382013&type=j&order_date=2023-03-21&from=latest_judgements_order,[]
2023,21,14-03-2023,"UNION OF INDIA . vs M/S. UNION CARBIDE CORPORATIONCURATIVE PET(C) No. 345-347/2010 In R.P.(C) No. 229/1989 & 623-624/1989 In C.A. No. 3187-3188/1988 and SLP (C) No. 13080/1988","Plea to increase the amount of compensation for victims of the Bhopal Gas Tragedy.",PDF,https://webapi.sci.gov.in//pdfdate/index1.php?dt=2023-03-14&dno=601722010&filename=supremecourt/2010/60172/60172_2010_2_1501_42809_Judgement_14-Mar-2023.pdf,[]
2023,22,02-03-2023,"ANOOP BARANWAL vs UNION OF INDIA MINISTRY OF LAW AND JUSTICE SECRETARYW.P.(C) No. 104/2015","Challenge to the procedure for appointing Members of the Election Commission of India (ECI).","Video Recording",https://www.youtube.com/watch?v=_i3rdWPBcF8&t=16s,[]
2023,23,20-02-2023,"APARNA AJINKYA FIRODIA vs AJINKYA ARUN FIRODIAC.A. No. 1308/2023","Challenge to DNA test on child to prove adultery.","View Judgment",https://www.sci.gov.in/view-pdf/?diary_no=96912022&type=j&order_date=2023-02-20&from=latest_judgements_order,[]
2023,24,10-02-2023,"BAR COUNCIL OF INDIA vs BONNIE FOI LAW COLLEGE .C.A. No. 969/2023","Power of the Bar Council of India to prescribe a qualifying exam to practice as an advocate.","Video Recording",https://www.youtube.com/watch?v=-3hbnrj6U0U&t=1s,[]
2023,25,31-01-2023,"JOSEPH SHINE vs UNION OF INDIA SECRETARYMA 2204/2020 in W.P.(Crl.) No. 194/2017","Clarification regarding the applicability of the offence of adultery to the armed forces after the offence was declared unconstitutional.","Video Recording",https://www.youtube.com/embed/oXGLF1za0nI?rel=0,[]
2023,26,24-01-2023,"COMMON CAUSE (A REGD. SOCIETY) DIRECTOR SH. H.D. SHOURIE vs UNION OF INDIA (A) MINISTRY OF HEALTH AND FAMILY WELFARE SECRETARYMA 1699/2019 in W.P.(C) No. 215/2005","Revisions to guidelines on euthanasia and execution of 'Advanced Medical Directives'.","Video Recording",https://www.youtube.com/watch?time_continue=1730&v=gQTg49vACqQ&embeds_referring_euri=https%3A%2F%2Fmain.sci.gov.in%2F&source_ve_path=MTM5MTE3LDM2ODQyLDM2ODQyLDEzOTExNywxMzkxMTcsMzY4NDIsMzY4NDIsMTM5MTE3LDI4NjY2&feature=emb_logo,[]
2023,27,03-01-2023,"KAUSHAL KISHOR vs THE STATE OF UTTAR PRADESH GOVT. OF U.P. HOME SECRETARYW.P.(Crl.) No. 113/2016","Extent to which private (non-State) parties are required to respect the Article 19 and 21 rights of other persons.","View Judgment",https://www.sci.gov.in/view-pdf/?diary_no=271562016&type=j&order_date=2023-01-03&from=latest_judgements_order,[]
2023,28,02-01-2023,"VIVEK NARAYAN SHARMA vs UNION OF INDIAW.P.(C) No. 906/2016","Constitutional challenge to 'Demonetisation'.",PDF,https://webapi.sci.gov.in//pdfdate/index1.php?dt=2023-01-02&dno=376622016&filename=supremecourt/2016/37662/37662_2016_3_1501_40708_Judgement_02-Jan-2023.pdf,[]
2024,1,25-11-2024,"BALRAM SINGH vs UNION OF INDIAW.P.(C) No. 645/2020","Constitutional validity  of the insertion of the words 'socialist' and 'secular' in the Preamble","View Judgment",https://www.sci.gov.in/view-pdf/?diary_no=137732020&type=j&order_date=2024-11-25&from=latest_judgements_order,[]
2024,2,08-11-2024,"ALIGARH MUSLIM UNIVERSITY THROUGH ITS REGISTRAR FAIZAN MUSTAFA vs NARESH AGARWALC.A. No. 2286/2006","Criteria for the determination of a minority educational institution.","View Judgment",https://www.sci.gov.in/view-pdf/?diary_no=92872006&type=j&order_date=2024-11-08&from=latest_judgements_order,[]
2024,3,08-11-2024,"CENTRAL ORGANISATION FOR RAILWAY ELECTRIFICATION vs M/S ECI SPIC SMO MCML (JV) A JOINT VENTURE COMPANYC.A. No. 9486-9487/2019","Validity of unilateral appointment of arbitrators in public-private contract","View Judgment",https://www.sci.gov.in/view-pdf/?diary_no=285312019&type=j&order_date=2024-11-08&from=latest_judgements_order,[]
2024,4,07-11-2024,"TEJ PRAKASH PATHAK vs RAJASTHAN HIGH COURTC.A. No. 2634/2013","Challenge to the change in the 'rules of game' in recruitment process","View Judgment",https://www.sci.gov.in/view-pdf/?diary_no=131642011&type=j&order_date=2024-11-07&from=latest_judgements_order,[]
2024,5,06-11-2024,"M/S. BAJAJ ALLIANCE GENERAL INSURANCE CO.LTD. vs RAMBHA DEVIC.A. No. 841/2018","Whether an LMV Licence Holder is legally competent to drive Transport Vehicles weighing less than 7,500 kgs.","View Judgment",https://www.sci.gov.in/view-pdf/?diary_no=296862017&type=j&order_date=2024-11-06&from=latest_judgements_order,[]
2024,6,05-11-2024,"ANJUM KADARI vs UNION OF INDIASLP(C) No. 8541/2024","Challenge to the constitutional validity of the  Uttar Pradesh Board of Madarsa Education Act, 2004","View Judgment",https://www.sci.gov.in/view-pdf/?diary_no=144322024&type=j&order_date=2024-11-05&from=latest_judgements_order,[]
2024,7,05-11-2024,"PROPERTY OWNERS ASSOCIATION vs STATE OF MAHARASHTRA .C.A. No. 1012/2002","Scope of the words ""material resources of the community"" under Article 39(b) of the Constitution","View Judgment",https://www.sci.gov.in/view-pdf/?diary_no=786291992&type=j&order_date=2024-11-05&from=latest_judgements_order,[]
2024,8,23-10-2024,"STATE OF U.P. . vs M/S. LALTA PRASAD VAISH AND SONSC.A. No. 151/2007","State’s Power to Regulate Industrial Alcohol","View Judgment",https://www.sci.gov.in/view-pdf/?diary_no=129962005&type=j&order_date=2024-10-23&from=latest_judgements_order,[]
2024,9,17-10-2024,"IN RE SECTION 6A OF THE CITIZENSHIP ACT 1955 vs W.P.(C) No. 274/2009","Constitutional challenge against Section 6A of Citizenship Act, 1955","View Judgment",https://www.sci.gov.in/view-pdf/?diary_no=161132009&type=j&order_date=2024-10-17&from=latest_judgements_order,[]
2024,10,15-10-2024,"OMKAR vs THE UNION OF INDIAC.A. No. 10611/2024","Disqualification from an educational course cannot be solely based on quantified disability.","View Judgment",https://www.sci.gov.in/view-pdf/?diary_no=394482024&type=j&order_date=2024-10-15&from=latest_judgements_order,[]
2024,11,03-10-2024,"SUKANYA SHANTHA vs UNION OF INDIAW.P.(C) No. 1404/2023","Challenge to caste-based discrimination in prisons","View Judgment",https://www.sci.gov.in/view-pdf/?diary_no=510592023&type=j&order_date=2024-10-03&from=latest_judgements_order,[]
2024,12,26-09-2024,"V. SENTHIL BALAJI vs THE DEPUTY DIRECTORCrl.A. No. 4011/2024","Power of constitutional courts to grant bail for offences in statutes with stringent bail conditions","View Judgment",https://www.sci.gov.in/view-pdf/?diary_no=127212024&type=j&order_date=2024-09-26&from=latest_judgements_order,[]
2024,13,23-09-2024,"JUST RIGHTS FOR CHILDREN ALLIANCE vs S. HARISHCrl.A. No. 2161-2162/2024","Whether viewing child sexual exploitation and abuse material is punishable under the Protection of Children from Sexual Offences Act, 2012","View Judgment",https://www.sci.gov.in/view-pdf/?diary_no=85622024&type=j&order_date=2024-09-23&from=latest_judgements_order,[]
2024,14,13-09-2024,"ARVIND KEJRIWAL vs CENTRAL BUREAU OF INVESTIGATIONCrl.A. No. 3816/2024","Whether the arrest of Mr. Arvind Kejriwal was legal and is he entitled to bail in the CBI case","View Judgment",https://www.sci.gov.in/view-pdf/?diary_no=362312024&type=j&order_date=2024-09-13&from=latest_judgements_order,[]
2024,15,23-08-2024,"SHAJAN SKARIA vs THE STATE OF KERALACrl.A. No. 2622/2024","Extent of bar against the grant of anticipatory bail in SC/ST offences","View Judgment",https://www.sci.gov.in/view-pdf/?diary_no=260152023&type=j&order_date=2024-08-23&from=latest_judgements_order,[]
2024,16,20-08-2024,"IN RE: ALLEGED RAPE AND MURDER INCIDENT OF A TRAINEE DOCTOR IN R.G. KAR MEDICAL COLLEGE AND HOSPITAL, KOLKATA AND RELATED ISSUES vs SMW(Crl) No. 2/2024","Urgent need to formulate institutional safety measures for medical professionals following the murder and alleged rape of a doctor in Kolkata.",PDF,https://main.sci.nic.in/supremecourt/2024/37351/37351_2024_1_66_54902_Judgement_20-Aug-2024.pdf,[]
2024,17,20-08-2024,"IN RE: RIGHT TO PRIVACY OF ADOLESCENTS vs SMW(C) No. 3/2023","Use of judicial discretion when quashing rape conviction under IPC and POCSO","View Judgment",https://www.sci.gov.in/view-pdf/?diary_no=512082023&type=j&order_date=2024-08-20&from=latest_judgements_order,[]
2024,18,14-08-2024,"MINERAL AREA DEVELOPMENT AUTHORITY ETC. vs M/S STEEL AUTHORITY OF INDIA .C.A. No. 4056-4064/1999","Whether the judgment in Mineral Area Development Authority v. M/S Steel Authority of India  should be given prospective effect.","Argument Transcript",https://www.sci.gov.in/wp-admin/admin-ajax.php?action=get_court_pdf&diary_no=90121999&type=j&order_date=2024-07-31&from=transcribed_arguments,[]
2024,19,09-08-2024,"MANISH SISODIA vs DIRECTORATE OF ENFORCEMENTCrl.A. No. 3295/2024","Whether Manish Sisodia is entitled to bail due to prolonged incarceration and delay in trial","View Judgment",https://www.sci.gov.in/view-pdf/?diary_no=292662024&type=j&order_date=2024-08-09&from=latest_judgements_order,[]
2024,20,05-08-2024,"GOVERNMENT OF NCT OF DELHI vs OFFICE OF LIEUTENANT GOVERNOR OF DELHIW.P.(C) No. 348/2023","Whether the Lieutenant Governor of Delhi is bound by the aid and advice of the elected Delhi Government when nominating members of the Municipal Corporation of Delhi","View Judgment",https://www.sci.gov.in/view-pdf/?diary_no=106972023&type=j&order_date=2024-08-05&from=latest_judgements_order,[]
2024,21,01-08-2024,"THE STATE OF PUNJAB vs DAVINDER SINGHC.A. No. 2317/2011","States' power to sub-classify Scheduled Castes for providing reservation","Argument Transcripts",https://cdnbbsr.s3waas.gov.in/s3ec0490f1f4972d133619a60c30f3559e/uploads/2024/02/2024020923.pdf,[]
2024,22,30-07-2024,"GAURAV KUMAR vs UNION OF INDIAW.P.(C) No. 352/2023","Whether State Bar Councils can charge a higher enrollment fees than set out in the Advocates Act.","View Judgment",https://www.sci.gov.in/view-pdf/?diary_no=84092023&type=j&order_date=2024-07-30&from=latest_judgements_order,[]
2024,23,25-07-2024,"MINERAL AREA DEVELOPMENT AUTHORITY ETC. vs M/S STEEL AUTHORITY OF INDIA .C.A. No. 4056-4064/1999","Whether states have the power to tax mineral rights and mine bearing lands and whether royalty on mining leases is a tax.","Argument Transcripts",https://cdnbbsr.s3waas.gov.in/s3ec0490f1f4972d133619a60c30f3559e/uploads/2024/02/2024022875.pdf,[]
2024,24,23-07-2024,"GENE CAMPAIGN . vs UNION OF INDIAW.P.(C) No. 115/2004","Challenge against the approval of hybrid transgenic mustard DMH-11 for environmental release.","View Judgment",https://www.sci.gov.in/view-pdf/?diary_no=6612004&type=j&order_date=2024-07-23&from=latest_judgements_order,[]
2024,25,12-07-2024,"ARVIND KEJRIWAL vs DIRECTORATE OF ENFORCEMENTCrl.A. No. 2493/2024","Challenging the validity of the arrest of Chief Minister of Delhi","View Judgment",https://www.sci.gov.in/view-pdf/?diary_no=163502024&type=j&order_date=2024-07-12&from=latest_judgements_order,[]
2024,26,11-07-2024,"MD. RAHIM ALI @ ABDUR RAHIM vs THE STATE OF ASSAMC.A. No. 7332/2024","Standard for initiating proceedings doubting an individual's nationality under the Foreigners Act, 1946.","View Judgment",https://www.sci.gov.in/view-pdf/?diary_no=206742017&type=j&order_date=2024-07-11&from=latest_judgements_order,[]
2024,27,08-07-2024,"FRANK VITUS vs NARCOTICS CONTROL BUREAUCrl.A. No. 2814-2815/2024","Whether an accused can be required to share their location on Google Maps as a bail condition.","View Judgment",https://www.sci.gov.in/view-pdf/?diary_no=66872023&type=j&order_date=2024-07-08&from=latest_judgements_order,[]
2024,28,15-05-2024,"PRABIR PURKAYASTHA vs STATE (NCT OF DELHI)Crl.A. No. 2577/2024","Challenge to arrest under Unlawful Activities (Prevention) Act, 1967 and need to inform accused of grounds of arrest in writing.","View Judgment",https://www.sci.gov.in/view-pdf/?diary_no=428962023&type=j&order_date=2024-05-15&from=latest_judgements_order,[]
2024,29,10-05-2024,"ARVIND KEJRIWAL vs DIRECTORATE OF ENFORCEMENTCrl.A. No. 2493/2024","Interim bail for the Chief Minister of Delhi.","View Judgment",https://www.sci.gov.in/view-pdf/?diary_no=163502024&type=j&order_date=2024-05-10&from=latest_judgements_order,[]
2024,30,01-05-2024,"SHARIF AHMAD vs THE STATE OF UTTAR PRADESH HOME DEPARTMENT SECRETARYCrl.A. No. 2357/2024","When is a chargesheet complete under the Code of Criminal Procedure, 1973.","View Judgment",https://www.sci.gov.in/view-pdf/?diary_no=38732017&type=j&order_date=2024-05-01&from=latest_judgements_order,[]
2024,31,26-04-2024,"ASSOCIATION FOR DEMOCRATIC REFORMS vs ELECTION COMMISSION OF INDIAW.P.(C) No. 434/2023","Challenge to the integrity of Electronic Voting Machines (EVMs).","View Judgment",https://www.sci.gov.in/view-pdf/?diary_no=108572023&type=j&order_date=2024-04-26&from=latest_judgements_order,[]
2024,32,21-03-2024,"M.K. RANJITSINH vs UNION OF INDIAW.P.(C) No. 838/2019","Steps needed to protect the Great Indian Bustard from potential extinction.","View Judgment",https://www.sci.gov.in/view-pdf/?diary_no=207542019&type=j&order_date=2024-03-21&from=latest_judgements_order,[]
2024,33,21-03-2024,"NOBLE M PAIKADA vs UNION OF INDIAC.A. No. 1628-1629/2021","Challenge to exemptions from environmental clearances for roads and pipelines.","View Judgment",https://www.sci.gov.in/view-pdf/?diary_no=59842021&type=j&order_date=2024-03-21&from=latest_judgements_order,[]
2024,34,18-03-2024,"NAVAS @ MULANAVAS vs STATE OF KERALACrl.A. No. 1215/2011","Suitable term of imprisonment for murder.","View Judgment",https://www.sci.gov.in/view-pdf/?diary_no=176072010&type=j&order_date=2024-03-18&from=latest_judgements_order,[]
2024,35,11-03-2024,"DEVU G. NAIR vs THE STATE OF KERALACrl.A. No. 1730/2024","Habeas corpus petition to secure release of relationship-partner from parents.","View Judgment",https://www.sci.gov.in/view-pdf/?diary_no=50272023&type=j&order_date=2024-03-11&from=latest_judgements_order,[]
2024,36,07-03-2024,"JAVED AHMAD HAJAM vs THE STATE OF MAHARASHTRACrl.A. No. 886/2024","Quashing of criminal proceedings against individual for WhatsApp status critical of government policy.",PDF,https://webapi.sci.gov.in/supremecourt/2023/20359/20359_2023_8_1501_51218_Judgement_07-Mar-2024.pdf,[]
2024,37,04-03-2024,"SITA SOREN vs UNION OF INDIACrl.A. No. 451/2019","Whether a legislator enjoys constitutional immunity from accusations of accepting bribes in connection with their vote in Parliament or a state legislature.",PDF,https://main.sci.gov.in/supremecourt/2014/10177/10177_2014_1_1501_51211_Judgement_04-Mar-2024.pdf,[]
2024,38,29-02-2024,"HIGH COURT BAR ASSOCIATION ALLAHABAD vs THE STATE OF UTTAR PRADESHCrl.A. No. 3589/2023","Whether interim orders passed by High Courts automatically expire after six months.",PDF,https://webapi.sci.gov.in/supremecourt/2023/47928/47928_2023_1_1501_51053_Judgement_29-Feb-2024.pdf,[]
2024,39,20-02-2024,"KULDEEP KUMAR vs U.T. CHANDIGARHC.A. No. 2874/2024","Challenge to the mayoral elections of the Chandigarh Municipal Corporation.",PDF,https://webapi.sci.gov.in/supremecourt/2024/4999/4999_2024_1_15_50631_Judgement_20-Feb-2024.pdf,[]
2024,40,15-02-2024,"ASSOCIATION FOR DEMOCRATICS REFORMS vs UNION OF INDIAW.P.(C) No. 880/2017","Challenge to Electoral Bonds scheme.","Argument Transcripts",https://cdnbbsr.s3waas.gov.in/s3ec0490f1f4972d133619a60c30f3559e/uploads/2024/01/2024012592.pdf,[]
2024,41,08-01-2024,"BILKIS YAKUB RASOOL vs UNION OF INDIAW.P.(Crl.) No. 491/2022","Challenge to the remission orders passed by the State of Gujarat releasing individuals convicted of gang rape during communal rights.",PDF,https://webapi.sci.gov.in/supremecourt/2022/38741/38741_2022_12_1501_49383_Judgement_08-Jan-2024.pdf,[]
2024,42,03-01-2024,"VISHAL TIWARI vs UNION OF INDIAW.P.(C) No. 162/2023","Plea challenging SEBI's investigation into the Adani Group and seeking constitution of Special Investigation Team (SIT).",PDF,https://main.sci.gov.in/supremecourt/2023/5354/5354_2023_1_1501_49132_Judgement_03-Jan-2024.pdf,[]
2025,1,19-12-2025,"M.K. RANJITSINH vs UNION OF INDIAW.P.(C) No. 838/2019","Conservation of Great Indian Bustard (GIB) and Lesser Florican (LF) vis-a-vis Renewable Energy Development","View Judgment",https://www.sci.gov.in/view-pdf/?diary_no=207542019&type=j&order_date=2025-12-19&from=latest_judgements_order,[]
2025,2,15-12-2025,"STATE OF U.P. vs AJMAL BEG ETC.Crl.A. No. 132-133/2017","Directions issued to address ineffective implementation and misuse of the dowry law","View Judgment",https://www.sci.gov.in/view-pdf/?diary_no=411902013&type=j&order_date=2025-12-15&from=latest_judgements_order,[]
2025,3,10-12-2025,"DR SOHAIL MALIK vs UNION OF INDIAC.A. No. 404/2024","Jurisdiction of Internal Complaints Committee (ICC) under the POSH Act over respondent from different Central Government department","View Judgment",https://www.sci.gov.in/view-pdf/?diary_no=267922023&type=j&order_date=2025-12-10&from=latest_judgements_order,[]
2025,4,20-11-2025,"IN RE : ASSENT, WITHHOLDING OR RESERVATION OF BILLS BY THE GOVERNOR AND THE PRESIDENT OF INDIA vs SPL.REF. No. 1/2025","Scope of constitutional powers, discretion and judicial review in the assent, withholding and reservation of Bills by the Governor and the President under Articles 200 and 201","View Judgment",https://www.sci.gov.in/view-pdf/?diary_no=391572025&type=j&order_date=2025-11-20&from=latest_judgements_order,[]
2025,5,06-11-2025,"MIHIR RAJESH SHAH vs THE STATE OF MAHARASHTRACrl.A. No. 2195/2025","Grounds of arrest must be communicated to the arrestee under all statutes","View Judgment",https://www.sci.gov.in/view-pdf/?diary_no=563212024&type=j&order_date=2025-11-06&from=latest_judgements_order,[]
2025,6,06-11-2025,"POONAM vs DULE SINGHSLP(C) No. 12000/2025","Effect of non disclosure of criminal antecedents in an election affidavit","View Judgment",https://www.sci.gov.in/view-pdf/?diary_no=213952025&type=j&order_date=2025-11-06&from=latest_judgements_order,[]
2025,7,31-10-2025,"IN RE : SUMMONING ADVOCATES WHO GIVE LEGAL OPINION OR REPRESENT PARTIES DURING INVESTIGATION OF CASES AND RELATED ISSUES vs SMW(Crl) No. 2/2025","Whether an investigating agency can summon an advocate representing a party and the scope of legal professional privilege for external and in-house counsel.","View Judgment",https://www.sci.gov.in/view-pdf/?diary_no=356192025&type=j&order_date=2025-10-31&from=latest_judgements_order,[]
2025,8,25-09-2025,"SANJABIJ TARI vs KISHORE S.BORCARCrl.A. No. 1755/2010","Guidelines issued to address the massive backlog of cheque bouncing cases","View Judgment",https://www.sci.gov.in/view-pdf/?diary_no=311122009&type=j&order_date=2025-09-25&from=latest_judgements_order,[]
2025,9,01-09-2025,"ANJUMAN ISHAAT E TALEEM TRUST vs THE STATE OF MAHARASHTRAC.A. No. 1385/2025","Mandatory nature of Teacher Eligibility Test in minority institutions and the scope of their exemption under the RTE Act","View Judgment",https://www.sci.gov.in/view-pdf/?diary_no=364662018&type=j&order_date=2025-09-01&from=latest_judgements_order,[]
2025,10,23-05-2025,"K. UMADEVI vs THE GOVERNMENT OF TAMIL NADUC.A. No. 2526/2025","Entitlement to maternity leave for a child from a second marriage despite two children from a previous marriage","View Judgment",https://www.sci.gov.in/view-pdf/?diary_no=323512022&type=j&order_date=2025-05-23&from=latest_judgements_order,[]
2025,11,20-05-2025,"ALL INDIA JUDGES ASSOCIATION vs UNION OF INDIAW.P.(C) No. 1022/1989","Candidates desirous of appearing in Civil Judge (Junior Division) examination must have practiced for a minimum period of three years.",PDF,https://api.sci.gov.in/supremecourt/1989/60181/60181_1989_1_1501_61910_Judgement_20-May-2025.pdf,[]
2025,12,14-05-2025,"VIJAYA BANK  vs PRASHANT B NARNAWAREC.A. No. 11708/2016","Validity of restrictive covenant in employment contract requiring minimum service period","View Judgment",https://www.sci.gov.in/view-pdf/?diary_no=401792014&type=j&order_date=2025-05-14&from=latest_judgements_order,[]
2025,13,30-04-2025,"GAYATRI BALASAMY vs M/S ISG NOVASOFT TECHNOLOGIES LIMITEDC.A. No. 6178-6179/2025","Power of the Court to modify an Arbitral Award under Section 34 and 37 of the Arbitration and Conciliation Act, 1996.","Argument Transcript",https://www.sci.gov.in/view-pdf/?diary_no=207882021&type=j&order_date=2025-02-13&from=transcribed_arguments,[]
2025,14,29-04-2025,"RUTU MIHIR PANCHAL vs UNION OF INDIAW.P.(C) No. 282/2021","Constitutionality of determining pecuniary jurisdiction of consumer commissions under the Consumer Protection Act, 2019 on the basis of consideration paid instead of compensation claimed","View Judgment",https://www.sci.gov.in/view-pdf/?diary_no=256362020&type=j&order_date=2025-04-29&from=latest_judgements_order,[]
2025,15,15-04-2025,"VARSHATAI vs THE STATE OF MAHARASHTRAC.A. No. 5187-5188/2025","Validity of using Urdu as an additional language for official purposes in Maharashtra.","View Judgment",https://www.sci.gov.in/view-pdf/?diary_no=248122024&type=j&order_date=2025-04-15&from=latest_judgements_order,[]
2025,16,15-04-2025,"CRYOGAS EQUIPMENT PRIVATE LIMITED vs INOX INDIA LIMITEDC.A. No. 5174/2025","Two-pronged approach for classification under section 15(2) of the Copyright Act, 1957","View Judgment",https://www.sci.gov.in/view-pdf/?diary_no=526632024&type=j&order_date=2025-04-15&from=latest_judgements_order,[]
2025,17,28-03-2025,"IMRAN PRATAPGADHI vs STATE OF GUJARATCrl.A. No. 1545/2025","Posting a poem promoting sacrifice and non-violence does not attract offences under Sections 196, 197, 299, 302, or 57 BNS; FIR registration in such cases is abuse of law.",,https://api.sci.gov.in/supremecourt/2025/3511/3511_2025_4_1501_60508_Judgement_28-Mar-2025.pdf,[]
2025,18,24-03-2025,"AMIT KUMAR vs UNION OF INDIACrl.A. No. 1425/2025","Constitution of National Task Force to address the mental health concerns of students and prevent the commission of suicides in Higher Educational Institutions","View Judgment",https://www.sci.gov.in/view-pdf/?diary_no=401052024&type=j&order_date=2025-03-24&from=latest_judgements_order,[]
2025,19,27-02-2025,"RADHIKA AGARWAL vs UNION OF INDIAW.P.(Crl.) No. 336/2018","Constitutional validity and mandatory preconditions for the exercise of the power of arrest under the Customs Act and the GST Act","View Judgment",https://www.sci.gov.in/view-pdf/?diary_no=466162018&type=j&order_date=2025-02-27&from=latest_judgements_order,[]
2025,20,25-02-2025,"SUNIL KUMAR SINGH vs BIHAR LEGISLATIVE COUNCILW.P.(C) No. 530/2024","Challenge to the expulsion of a member of the legislature","View Judgment",https://www.sci.gov.in/view-pdf/?diary_no=358362024&type=j&order_date=2025-02-25&from=latest_judgements_order,[]
2025,21,12-02-2025,"SUKHDEV SINGH vs SUKHBIR KAURC.A. No. 2536/2019","Right of a spouse to claim interim maintenance and permanent alimony under Sections 24 and 25 of the Hindu Marriage Act, 1955 when a marriage is declared void","View Judgment",https://www.sci.gov.in/view-pdf/?diary_no=150032018&type=j&order_date=2025-02-12&from=latest_judgements_order,[]
2025,22,07-02-2025,"VIHAAN KUMAR vs THE STATE OF HARYANACrl.A. No. 621/2025","Consequence of not informing grounds of arrest","View Judgment",https://www.sci.gov.in/view-pdf/?diary_no=432932024&type=j&order_date=2025-02-07&from=latest_judgements_order,[]
2025,23,29-01-2025,"TANVI BEHL vs SHREY GOELC.A. No. 9289/2019","Constitutional validity of domicile/residence-based reservation for admissions to Post Graduate (PG) Medical Courses within the State Quota","View Judgment",https://www.sci.gov.in/view-pdf/?diary_no=159612019&type=j&order_date=2025-01-29&from=latest_judgements_order,[]
2025,24,29-01-2025,"AJAY MALIK vs STATE OF UTTARAKHANDCrl.A. No. 441/2025","Constitution of Committee to Formulate Legal Framework for Protection of Domestic Workers","View Judgment",https://www.sci.gov.in/view-pdf/?diary_no=292822022&type=j&order_date=2025-01-29&from=latest_judgements_order,[]
2025,25,15-01-2025,"RAJEEB KALITA vs UNION OF INDIAW.P.(C) No. 538/2023","Directions for ensuring adequate and accessible toilet facilities in courts and tribunals","View Judgment",https://www.sci.gov.in/view-pdf/?diary_no=182642023&type=j&order_date=2025-01-15&from=latest_judgements_order,[]
2025,26,10-01-2025,"RINA KUMARI @ RINA DEVI @ REENA vs DINESH KUMAR MAHTO @ DINESH KUMAR MAHATOCrl.A. No. 161/2025","Right of a spouse to claim maintenance under Section 125 Cr.P.C. in cases of non-compliance with a decree of restitution of conjugal rights","View Judgment",https://www.sci.gov.in/view-pdf/?diary_no=73362024&type=j&order_date=2025-01-10&from=latest_judgements_order,[]
2025,27,10-01-2025,"MYPREFERRED TRANSFORMATION AND HOSPITALITY PVT. LTD. vs M/S. FARIDABAD IMPLEMENTS PVT. LTD.C.A. No. 336/2025","Applicability of the Limitation Act, 1963 and Section 10 of the General Clauses Act, 1897 to the Arbitration and Conciliation Act, 1996","View Judgment",https://www.sci.gov.in/view-pdf/?diary_no=159252024&type=j&order_date=2025-01-10&from=latest_judgements_order,[]
2025,28,02-01-2025,"URMILA DIXIT vs SUNIL SHARAN DIXITC.A. No. 10927/2024","Right of a senior citizen to claim back their transferred property under the Section 23 of the Maintenance and Welfare of the Parents and Senior Citizens Act, 2007","View Judgment",https://www.sci.gov.in/view-pdf/?diary_no=413362022&type=j&order_date=2025-01-02&from=latest_judgements_order,[]
2026,1,10-02-2026,"IN RE: ORDER DATED 17.03.2025 PASSED BY THE HIGH COURT OF JUDICATURE AT ALLAHABAD IN CRIMINAL REVISION NO. 1449/2024 AND ANCILLARY ISSUES vs SMW(Crl) No. 1/2025","Constitution of a Committee of Experts for developing guidelines to inculcate sensitivity and compassion into judicial approach while dealing with matters involving sexual offences","View Judgment",https://www.sci.gov.in/view-pdf/?diary_no=156812025&type=j&order_date=2026-02-10&from=latest_judgements_order,[]
2026,2,09-02-2026,"THE DEPUTY COMMISSIONER AND SPECIAL LAND ACQUISITION OFFICER vs M/S S.V. GLOBAL MILL LIMITEDC.A. No. 909-910/2026","Applicability of the Limitation Act to appeals under Section 74 of the 2013 Land Acquisition Act for proceedings initiated under the Land Acquisition Act, 1894.","View Judgment",https://www.sci.gov.in/view-pdf/?diary_no=366642022&type=j&order_date=2026-02-09&from=latest_judgements_order,[]
